Position,57%_Conserved,57%_Residue,62%_Conserved,62%_Residue,67%_Conserved,67%_Residue,72%_Conserved,72%_Residue,77%_Conserved,77%_Residue,82%_Conserved,82%_Residue,87%_Conserved,87%_Residue,92%_Conserved,92%_Residue,97%_Conserved,97%_Residue
1,True,M,True,M,True,M,True,M,True,M,True,M,True,M,True,M,False,-
2,True,T,True,D,True,V,True,P,False,-,False,-,True,Q,True,Q,True,H
3,True,R,True,I,True,V,True,W,False,-,False,-,False,-,True,S,True,M
4,True,T,False,-,True,A,True,Y,False,-,False,-,True,W,True,W,True,Q
5,True,V,False,-,True,S,True,R,False,-,False,-,True,Y,True,Y,True,S
6,False,-,False,-,True,W,True,F,False,-,False,-,True,L,True,L,True,W
7,False,-,False,-,True,P,True,L,False,-,False,-,True,L,True,L,True,Y
8,False,-,False,-,True,G,True,I,True,L,False,-,True,Y,True,Y,True,L
9,False,-,False,-,True,S,True,S,False,-,False,-,True,C,True,C,True,L
10,False,-,False,-,True,H,True,A,True,E,False,-,True,K,True,K,True,Y
11,False,-,False,-,True,Y,True,L,False,-,False,-,True,R,True,R,True,C
12,False,-,False,-,True,H,True,V,False,-,False,-,True,G,True,G,True,K
13,False,-,False,-,True,Y,True,Y,False,-,False,-,True,Q,True,Q,True,R
14,False,-,False,-,True,P,True,V,True,M,False,-,True,L,True,L,True,G
15,False,-,False,-,True,F,True,F,True,Q,False,-,True,Q,True,Q,True,Q
16,False,-,False,-,True,I,True,H,True,A,True,A,True,R,True,R,True,L
17,False,-,True,I,True,I,True,D,True,W,False,-,True,A,True,A,True,Q
18,False,-,False,-,True,I,True,A,True,Y,False,-,True,Q,True,Q,True,R
19,False,-,False,-,True,S,True,D,True,L,False,-,True,E,True,E,True,A
20,False,-,True,I,True,R,True,A,True,L,False,-,True,H,True,H,True,Q
21,False,-,True,N,True,L,True,V,True,Y,False,-,True,L,True,L,True,E
22,False,-,False,-,True,I,True,F,True,C,True,R,True,E,True,E,True,H
23,False,-,False,-,True,V,False,-,True,K,True,V,True,R,True,R,True,L
24,False,-,False,-,True,G,False,-,True,R,True,I,True,Q,True,Q,True,E
25,False,-,False,-,True,K,False,-,True,G,True,M,True,A,False,-,True,R
26,False,-,False,-,True,R,False,-,True,Q,True,Q,True,V,True,V,True,Q
27,False,-,False,-,True,R,False,-,True,L,False,-,False,-,True,N,True,A
28,True,M,False,-,True,M,False,-,False,-,True,W,True,C,True,C,True,V
29,False,-,False,-,True,M,False,-,True,R,True,Y,True,L,True,L,True,N
30,False,-,False,-,False,-,False,-,True,A,True,L,True,T,True,A,True,C
31,False,-,False,-,False,-,False,-,True,Q,True,L,True,P,True,P,True,L
32,False,-,False,-,True,W,False,-,True,E,True,Y,True,M,True,M,True,A
33,False,-,False,-,True,Y,True,L,True,H,True,C,True,I,True,I,True,P
34,False,-,False,-,True,L,True,P,True,L,True,K,True,T,True,T,True,M
35,True,W,False,-,True,L,True,H,True,E,True,R,True,L,True,L,True,I
36,True,Y,False,-,True,Y,True,S,True,R,True,G,True,E,True,E,False,-
37,True,L,False,-,True,C,True,G,True,Q,True,Q,True,K,True,K,False,-
38,True,L,False,-,True,K,True,H,False,-,True,L,False,-,True,I,True,M
39,True,Y,True,S,True,R,True,N,True,V,True,Q,True,V,True,V,True,T
40,True,C,False,-,True,G,True,T,True,N,True,R,True,R,True,R,True,L
41,True,K,False,-,True,Q,True,L,True,C,True,A,True,G,True,G,True,E
42,True,R,False,-,True,L,True,S,True,L,True,Q,True,K,True,K,True,K
43,True,G,False,-,False,-,False,-,False,-,True,E,True,R,True,R,True,I
44,True,Q,False,-,True,R,False,-,True,P,True,H,True,T,True,T,True,I
45,False,-,True,S,True,A,False,-,False,-,True,L,False,-,True,A,True,V
46,False,-,False,-,False,-,False,-,True,I,True,E,True,V,True,V,True,R
47,True,R,False,-,True,E,False,-,False,-,True,R,True,S,True,S,True,G
48,True,A,False,-,True,H,False,-,True,L,True,Q,True,E,True,E,True,K
49,False,-,True,I,True,L,False,-,True,E,False,-,True,P,True,P,True,R
50,False,-,False,-,True,E,False,-,True,K,False,-,True,L,True,L,True,T
51,False,-,False,-,True,R,False,-,False,-,False,-,True,F,True,F,True,A
52,True,L,False,-,True,Q,False,-,False,-,False,-,True,P,True,P,True,V
53,True,C,False,-,False,-,False,-,True,R,False,-,True,N,True,N,True,S
54,False,-,False,-,True,V,False,-,True,G,True,R,True,Y,True,Y,True,E
55,True,R,False,-,False,-,False,-,True,K,True,Q,False,-,True,L,True,P
56,True,Q,False,-,True,C,False,-,True,R,False,-,True,F,True,F,True,L
57,False,-,False,-,False,-,True,H,True,T,True,V,True,V,True,V,True,F
58,True,V,False,-,False,-,False,-,False,-,False,-,True,E,True,E,True,P
59,False,-,False,-,True,P,False,-,True,V,True,C,True,F,True,F,True,N
60,True,C,False,-,False,-,False,-,True,S,True,L,True,D,True,D,True,Y
61,False,-,False,-,False,-,False,-,True,E,True,T,True,P,True,P,True,L
62,False,-,False,-,False,-,False,-,True,P,True,P,True,E,True,E,True,F
63,True,P,False,-,False,-,True,M,True,L,False,-,True,V,True,V,True,V
64,False,-,False,-,True,E,False,-,True,F,True,I,True,I,True,I,True,E
65,False,-,False,-,True,K,False,-,True,P,True,T,True,H,True,H,True,F
66,False,-,False,-,False,-,True,W,True,N,True,L,True,T,True,T,True,D
67,False,-,True,M,False,-,True,Y,True,Y,True,E,True,T,True,T,True,P
68,True,E,False,-,True,R,True,L,True,L,True,K,True,T,True,T,True,E
69,True,K,False,-,True,G,True,L,True,F,True,M,True,I,True,I,True,V
70,False,-,True,W,True,K,True,Y,False,-,False,-,True,N,False,-,True,I
71,False,-,False,-,True,R,True,C,True,E,True,R,True,A,True,A,True,H
72,True,R,True,L,False,-,True,K,True,F,True,G,True,T,True,T,True,T
73,True,G,True,L,False,-,True,R,True,D,True,K,True,R,True,R,True,T
74,True,K,True,Y,False,-,True,G,True,P,True,R,True,G,True,G,True,T
75,True,R,True,C,False,-,True,Q,True,E,True,T,True,V,True,V,True,I
76,False,-,True,K,True,E,True,L,False,-,False,-,True,S,True,S,True,N
77,False,-,True,R,True,P,False,-,True,I,True,V,True,H,True,H,True,A
78,False,-,True,G,True,L,True,R,True,H,True,S,True,F,True,F,True,T
79,False,-,True,Q,True,F,True,A,True,T,True,E,True,V,True,V,True,R
80,True,E,False,-,True,P,False,-,True,T,True,P,True,R,True,R,True,G
81,False,-,False,-,True,N,True,E,True,T,True,L,True,F,True,F,True,V
82,True,L,True,R,True,Y,True,H,True,I,True,F,True,G,True,G,True,S
83,True,F,True,A,True,L,True,L,False,-,True,P,True,A,True,A,True,H
84,True,P,False,-,True,F,True,E,True,A,True,N,False,-,True,S,True,F
85,True,N,True,E,False,-,True,R,True,T,True,Y,True,P,True,P,True,V
86,True,Y,True,H,True,E,True,L,True,R,True,L,True,A,True,A,True,R
87,True,L,True,L,True,F,True,E,True,G,True,F,False,-,True,I,True,F
88,True,F,True,E,True,D,True,R,True,V,True,V,True,V,True,V,True,G
89,False,-,True,R,True,P,True,Q,False,-,True,E,True,P,True,P,True,A
90,False,-,True,Q,True,E,False,-,False,-,True,F,True,S,True,S,True,S
91,True,F,False,-,False,-,True,V,True,F,True,D,False,-,True,A,True,P
92,True,D,True,V,True,I,False,-,True,V,True,P,True,V,True,V,True,A
93,False,-,False,-,True,H,True,C,True,R,True,E,True,I,True,I,True,I
94,False,-,True,C,True,T,True,L,True,F,True,V,True,H,True,H,True,V
95,False,-,False,-,True,T,False,-,True,G,True,I,True,Q,True,Q,True,P
96,False,-,False,-,True,T,True,P,False,-,True,H,True,L,True,L,True,S
97,True,I,True,P,True,I,False,-,False,-,True,T,True,S,True,S,True,A
98,True,H,False,-,True,S,True,I,True,P,True,T,False,-,False,-,True,V
99,True,T,False,-,True,A,False,-,True,A,True,T,True,Y,True,Y,True,I
100,True,T,False,-,True,T,True,L,False,-,True,I,True,Q,True,K,True,H
101,True,T,False,-,True,R,True,E,True,V,False,-,True,K,True,P,True,Q
102,False,-,True,E,True,G,True,K,True,P,True,A,True,P,False,-,True,L
103,False,-,True,K,True,V,True,I,False,-,True,T,True,E,False,-,True,S
104,True,S,False,-,True,S,False,-,False,-,True,R,True,G,True,I,True,V
105,True,T,False,-,False,-,True,R,True,V,True,G,True,I,True,V,False,-
106,True,R,True,R,True,F,True,G,True,I,True,V,True,V,True,D,False,-
107,True,G,False,-,True,V,True,K,False,-,True,S,True,D,True,P,False,-
108,True,V,True,K,True,R,True,R,True,Q,True,H,True,P,False,-,True,A
109,False,-,True,R,True,F,True,T,True,L,True,F,False,-,True,T,True,T
110,False,-,False,-,True,G,False,-,False,-,True,V,True,T,True,P,True,R
111,True,F,False,-,False,-,True,V,False,-,True,R,True,P,True,Y,True,G
112,False,-,False,-,False,-,False,-,True,Y,True,F,False,-,True,P,True,V
113,True,R,False,-,True,P,True,E,True,Q,True,G,True,P,True,G,True,S
114,True,F,True,E,False,-,True,P,False,-,False,-,True,G,True,D,True,H
115,True,G,True,P,False,-,True,L,True,P,False,-,True,D,False,-,True,F
116,False,-,True,L,False,-,True,F,True,E,True,P,False,-,True,V,True,V
117,True,R,True,F,True,P,True,P,False,-,True,A,True,V,True,I,True,R
118,False,-,True,P,False,-,True,N,False,-,False,-,False,-,True,I,True,F
119,True,P,True,N,False,-,True,Y,True,T,True,V,True,I,True,T,True,G
120,False,-,True,Y,True,V,True,L,True,D,True,P,True,T,True,E,True,A
121,False,-,True,L,True,I,True,F,True,P,True,S,True,E,True,G,True,S
122,True,V,True,F,False,-,True,I,False,-,False,-,True,G,True,A,True,P
123,True,P,False,-,False,-,True,E,True,T,True,V,True,A,True,F,True,A
124,False,-,False,-,True,L,True,F,True,P,True,I,True,F,True,E,True,I
125,False,-,True,F,False,-,True,D,False,-,True,H,True,E,True,G,True,V
126,False,-,True,D,True,A,True,P,False,-,True,Q,True,G,True,F,True,P
127,True,I,True,P,False,-,True,E,True,G,True,L,True,L,True,Q,True,S
128,False,-,True,E,False,-,False,-,True,D,True,S,False,-,True,A,True,A
129,False,-,False,-,False,-,True,I,False,-,False,-,True,A,True,I,True,V
130,True,L,True,I,False,-,True,H,True,V,True,Y,True,I,True,F,True,I
131,False,-,True,H,True,H,True,T,False,-,True,Q,True,F,False,-,True,H
132,False,-,True,T,False,-,True,T,True,I,False,-,True,T,True,E,True,Q
133,False,-,True,T,False,-,True,T,True,T,True,P,True,E,True,P,True,L
134,False,-,True,T,False,-,True,I,False,-,True,E,True,P,True,D,True,S
135,False,-,True,I,False,-,True,S,True,G,False,-,True,D,True,G,True,V
136,False,-,False,-,True,Y,True,A,True,A,False,-,True,G,True,E,True,Y
137,False,-,False,-,True,S,True,T,True,F,False,-,True,E,True,A,True,K
138,False,-,True,T,False,-,True,R,True,E,True,D,True,A,True,R,True,P
139,False,-,True,R,True,P,True,G,True,G,True,P,True,R,True,S,True,K
140,False,-,True,G,False,-,True,V,True,L,False,-,True,S,True,M,True,D
141,False,-,True,V,False,-,False,-,False,-,True,T,True,M,True,L,True,I
142,False,-,True,S,True,P,False,-,True,A,True,P,True,L,True,L,True,V
143,False,-,False,-,False,-,True,F,True,I,True,Y,True,L,True,L,True,D
144,False,-,True,F,False,-,True,V,True,F,False,-,True,L,True,N,True,P
145,False,-,True,V,True,G,True,R,False,-,False,-,True,N,True,L,False,-
146,False,-,True,R,True,D,True,X,True,E,True,G,True,L,True,I,True,T
147,False,-,True,F,False,-,True,W,True,P,True,D,True,L,True,N,True,P
148,True,P,True,G,True,V,True,R,True,D,False,-,True,N,True,K,True,Y
149,False,-,False,-,False,-,True,P,True,G,True,V,True,K,False,-,True,P
150,False,-,False,-,True,I,True,T,True,E,False,-,True,E,False,-,True,G
151,False,-,True,P,False,-,True,R,True,A,True,I,False,-,True,K,True,D
152,False,-,False,-,True,D,True,Y,True,R,True,T,True,K,True,H,True,K
153,True,G,False,-,True,G,True,R,True,S,True,E,True,Q,True,S,True,V
154,True,D,False,-,True,A,True,P,True,M,True,G,True,S,True,V,True,I
155,False,-,False,-,False,-,True,F,True,L,True,A,True,V,True,K,True,I
156,True,V,False,-,True,G,True,G,True,L,True,F,True,K,True,N,True,T
157,False,-,False,-,False,-,False,-,True,L,True,E,True,N,True,T,True,E
158,True,I,True,V,True,F,False,-,True,N,True,G,True,T,True,P,True,G
159,True,T,True,I,False,-,True,P,True,L,True,L,False,-,True,N,True,A
160,False,-,False,-,True,G,True,A,True,L,False,-,True,F,True,E,True,F
161,True,G,False,-,True,L,False,-,True,N,True,A,True,R,True,F,True,E
162,False,-,True,L,False,-,True,S,True,K,True,I,True,K,True,R,True,G
163,True,F,False,-,True,A,True,A,True,Q,True,F,False,-,True,K,True,F
164,False,-,False,-,True,I,True,T,True,V,False,-,False,-,True,N,True,Q
165,True,G,False,-,True,Y,True,R,False,-,True,E,False,-,False,-,True,A
166,False,-,False,-,False,-,True,G,True,Q,True,P,False,-,False,-,True,I
167,False,-,False,-,True,E,True,V,True,S,True,D,False,-,False,-,True,F
168,True,A,False,-,True,P,True,N,True,V,True,G,False,-,False,-,True,T
169,True,I,False,-,True,D,True,N,True,K,True,E,False,-,False,-,True,E
170,False,-,False,-,True,G,True,F,True,N,True,N,False,-,False,-,True,P
171,False,-,False,-,True,E,True,V,True,T,True,S,False,-,False,-,True,D
172,True,E,True,Y,False,-,True,R,False,-,True,L,False,-,False,-,True,G
173,True,P,True,S,True,R,True,F,True,F,True,Y,False,-,False,-,True,E
174,False,-,False,-,True,S,True,G,False,-,True,A,False,-,False,-,True,A
175,True,G,False,-,False,-,True,A,True,C,True,A,False,-,False,-,True,R
176,True,E,False,-,True,L,True,L,True,C,False,-,False,-,False,-,False,-
177,False,-,False,-,True,L,True,P,True,K,True,R,False,-,False,-,True,S
178,True,R,True,P,True,L,True,A,False,-,True,S,False,-,False,-,True,M
179,True,S,False,-,True,N,True,I,False,-,True,M,False,-,False,-,True,L
180,False,-,False,-,False,-,True,V,False,-,True,L,False,-,False,-,True,L
181,True,L,True,G,False,-,True,P,False,-,True,L,False,-,False,-,True,L
182,True,L,True,D,True,N,False,-,False,-,True,L,False,-,False,-,True,N
183,True,L,False,-,False,-,False,-,False,-,True,N,False,-,False,-,True,L
184,True,N,True,V,False,-,True,V,False,-,True,L,False,-,False,-,True,I
185,True,C,False,-,True,V,True,I,False,-,True,L,False,-,False,-,True,N
186,True,Y,True,I,False,-,False,-,False,-,True,N,False,-,False,-,True,K
187,True,C,True,T,False,-,False,-,False,-,True,A,False,-,False,-,True,E
188,True,L,False,-,True,I,True,F,False,-,True,K,False,-,False,-,True,I
189,False,-,True,G,True,S,True,L,False,-,False,-,False,-,False,-,True,K
190,True,L,False,-,False,-,False,-,False,-,True,V,False,-,False,-,True,H
191,True,N,True,F,False,-,False,-,False,-,False,-,False,-,False,-,True,S
192,False,-,False,-,True,N,False,-,False,-,True,Q,False,-,False,-,True,V
193,False,-,True,G,False,-,True,K,False,-,True,S,False,-,False,-,True,K
194,False,-,False,-,False,-,False,-,False,-,True,V,False,-,False,-,True,N
195,False,-,False,-,True,F,False,-,False,-,True,K,False,-,False,-,True,T
196,False,-,True,A,False,-,False,-,False,-,True,N,False,-,False,-,True,E
197,False,-,True,I,True,K,True,X,False,-,True,T,False,-,False,-,True,F
198,False,-,True,Y,False,-,True,L,False,-,False,-,False,-,False,-,True,R
199,False,-,False,-,False,-,True,S,False,-,True,F,False,-,False,-,True,K
200,True,N,True,E,False,-,True,T,False,-,False,-,False,-,False,-,True,L
201,False,-,True,P,False,-,False,-,False,-,False,-,False,-,False,-,False,-
202,False,-,True,D,False,-,False,-,False,-,False,-,False,-,False,-,False,-
203,True,F,True,G,False,-,False,-,False,-,True,L,False,-,False,-,True,R
204,False,-,True,E,False,-,False,-,False,-,True,A,False,-,False,-,True,N
205,True,K,False,-,False,-,True,I,False,-,True,I,False,-,False,-,True,P
206,False,-,True,R,False,-,False,-,False,-,True,V,False,-,False,-,True,K
207,False,-,True,S,False,-,False,-,False,-,True,Q,False,-,False,-,True,Q
208,False,-,False,-,False,-,True,D,False,-,True,N,False,-,False,-,True,C
209,False,-,True,L,False,-,True,P,False,-,True,T,False,-,False,-,True,F
210,False,-,True,L,False,-,False,-,False,-,True,T,False,-,False,-,True,D
211,False,-,True,L,False,-,True,T,False,-,True,S,False,-,False,-,True,I
212,False,-,True,N,False,-,True,P,False,-,True,R,False,-,False,-,True,G
213,False,-,False,-,False,-,False,-,False,-,True,K,False,-,False,-,True,I
214,False,-,True,L,False,-,False,-,False,-,False,-,False,-,False,-,True,R
215,False,-,True,N,False,-,True,G,False,-,False,-,False,-,False,-,True,G
216,False,-,False,-,False,-,True,D,False,-,False,-,False,-,False,-,True,G
217,False,-,False,-,False,-,False,-,False,-,False,-,False,-,False,-,True,S
218,False,-,True,V,False,-,True,V,False,-,False,-,False,-,False,-,True,Q
219,False,-,False,-,False,-,False,-,False,-,False,-,False,-,False,-,True,P
220,False,-,False,-,False,-,True,I,False,-,False,-,False,-,False,-,True,C
221,False,-,True,S,False,-,True,T,False,-,False,-,False,-,False,-,True,G
222,False,-,False,-,False,-,False,-,False,-,False,-,False,-,False,-,True,I
223,False,-,False,-,False,-,True,G,False,-,False,-,False,-,False,-,True,F
224,False,-,True,N,False,-,True,A,False,-,False,-,False,-,False,-,True,S
225,True,L,False,-,False,-,True,F,False,-,False,-,False,-,False,-,True,T
226,False,-,False,-,False,-,True,E,False,-,False,-,False,-,False,-,True,P
227,False,-,True,F,False,-,True,G,False,-,False,-,False,-,False,-,True,V
228,False,-,False,-,False,-,True,L,False,-,False,-,False,-,False,-,True,R
229,True,L,True,K,False,-,False,-,False,-,False,-,False,-,False,-,True,N
230,False,-,False,-,False,-,True,A,False,-,False,-,False,-,False,-,True,T
231,False,-,False,-,False,-,True,I,False,-,False,-,False,-,False,-,True,L
232,False,-,False,-,False,-,True,F,False,-,True,S,False,-,False,-,True,Q
233,False,-,False,-,False,-,True,T,False,-,True,P,False,-,False,-,True,N
234,False,-,False,-,False,-,True,E,False,-,False,-,False,-,False,-,True,M
235,False,-,False,-,False,-,True,P,False,-,False,-,False,-,False,-,True,G
236,False,-,False,-,False,-,True,D,False,-,False,-,False,-,False,-,True,Q
237,False,-,False,-,False,-,True,G,False,-,False,-,False,-,False,-,False,-
238,False,-,False,-,False,-,True,E,False,-,False,-,False,-,False,-,False,-
239,False,-,False,-,False,-,True,A,False,-,False,-,False,-,False,-,False,-
240,False,-,True,K,False,-,True,R,False,-,False,-,False,-,False,-,False,-
241,False,-,True,M,False,-,True,S,False,-,False,-,False,-,False,-,False,-
242,False,-,True,R,False,-,True,M,False,-,False,-,False,-,False,-,True,A
243,False,-,False,-,False,-,True,L,False,-,False,-,False,-,False,-,True,P
244,False,-,False,-,False,-,True,L,False,-,False,-,False,-,False,-,True,G
245,False,-,False,-,False,-,True,L,False,-,True,C,False,-,False,-,False,-
246,False,-,False,-,False,-,True,N,False,-,False,-,False,-,False,-,False,-
247,False,-,False,-,False,-,True,L,False,-,False,-,False,-,False,-,False,-
248,False,-,False,-,False,-,True,L,False,-,False,-,False,-,False,-,False,-
249,False,-,False,-,False,-,True,N,False,-,False,-,False,-,False,-,False,-
250,False,-,False,-,False,-,True,K,False,-,True,R,False,-,False,-,False,-
251,False,-,False,-,False,-,True,Q,False,-,False,-,False,-,False,-,False,-
252,False,-,False,-,False,-,True,V,False,-,False,-,False,-,False,-,False,-
254,False,-,False,-,False,-,True,Q,False,-,False,-,False,-,False,-,False,-
255,False,-,False,-,False,-,True,S,False,-,False,-,False,-,False,-,False,-
256,False,-,False,-,False,-,True,V,False,-,False,-,False,-,False,-,False,-
258,False,-,False,-,False,-,True,N,False,-,False,-,False,-,False,-,False,-
261,False,-,False,-,False,-,True,F,False,-,False,-,False,-,False,-,False,-
263,False,-,False,-,False,-,True,K,False,-,False,-,False,-,False,-,False,-
264,False,-,False,-,False,-,True,L,False,-,False,-,False,-,False,-,False,-
265,False,-,False,-,False,-,True,S,False,-,False,-,False,-,False,-,False,-
267,False,-,False,-,False,-,True,R,False,-,False,-,False,-,False,-,False,-
268,False,-,False,-,False,-,True,S,False,-,False,-,False,-,False,-,False,-
269,False,-,False,-,False,-,True,E,False,-,False,-,False,-,False,-,False,-
274,False,-,False,-,False,-,True,K,False,-,False,-,False,-,False,-,False,-
275,False,-,False,-,False,-,True,P,False,-,False,-,False,-,False,-,False,-
