Position,ConservationChanges,ResidueChanges,57%_Conserved,62%_Conserved,67%_Conserved,72%_Conserved,77%_Conserved,82%_Conserved,87%_Conserved,92%_Conserved,97%_Conserved,57%_Residue,62%_Residue,67%_Residue,72%_Residue,77%_Residue,82%_Residue,87%_Residue,92%_Residue,97%_Residue
1,True,False,True,True,True,True,True,True,True,True,False,M,M,M,M,M,M,M,M,-
2,True,True,True,True,True,True,False,False,True,True,True,T,D,V,P,-,-,Q,Q,H
3,True,True,True,True,True,True,False,False,False,True,True,R,I,V,W,-,-,-,S,M
4,True,True,True,False,True,True,False,False,True,True,True,T,-,A,Y,-,-,W,W,Q
5,True,True,True,False,True,True,False,False,True,True,True,V,-,S,R,-,-,Y,Y,S
6,True,True,False,False,True,True,False,False,True,True,True,-,-,W,F,-,-,L,L,W
7,True,True,False,False,True,True,False,False,True,True,True,-,-,P,L,-,-,L,L,Y
8,True,True,False,False,True,True,True,False,True,True,True,-,-,G,I,L,-,Y,Y,L
9,True,True,False,False,True,True,False,False,True,True,True,-,-,S,S,-,-,C,C,L
10,True,True,False,False,True,True,True,False,True,True,True,-,-,H,A,E,-,K,K,Y
11,True,True,False,False,True,True,False,False,True,True,True,-,-,Y,L,-,-,R,R,C
12,True,True,False,False,True,True,False,False,True,True,True,-,-,H,V,-,-,G,G,K
13,True,True,False,False,True,True,False,False,True,True,True,-,-,Y,Y,-,-,Q,Q,R
14,True,True,False,False,True,True,True,False,True,True,True,-,-,P,V,M,-,L,L,G
15,True,True,False,False,True,True,True,False,True,True,True,-,-,F,F,Q,-,Q,Q,Q
16,True,True,False,False,True,True,True,True,True,True,True,-,-,I,H,A,A,R,R,L
17,True,True,False,True,True,True,True,False,True,True,True,-,I,I,D,W,-,A,A,Q
18,True,True,False,False,True,True,True,False,True,True,True,-,-,I,A,Y,-,Q,Q,R
19,True,True,False,False,True,True,True,False,True,True,True,-,-,S,D,L,-,E,E,A
20,True,True,False,True,True,True,True,False,True,True,True,-,I,R,A,L,-,H,H,Q
21,True,True,False,True,True,True,True,False,True,True,True,-,N,L,V,Y,-,L,L,E
22,True,True,False,False,True,True,True,True,True,True,True,-,-,I,F,C,R,E,E,H
23,True,True,False,False,True,False,True,True,True,True,True,-,-,V,-,K,V,R,R,L
24,True,True,False,False,True,False,True,True,True,True,True,-,-,G,-,R,I,Q,Q,E
25,True,True,False,False,True,False,True,True,True,False,True,-,-,K,-,G,M,A,-,R
26,True,True,False,False,True,False,True,True,True,True,True,-,-,R,-,Q,Q,V,V,Q
27,True,True,False,False,True,False,True,False,False,True,True,-,-,R,-,L,-,-,N,A
28,True,True,True,False,True,False,False,True,True,True,True,M,-,M,-,-,W,C,C,V
29,True,True,False,False,True,False,True,True,True,True,True,-,-,M,-,R,Y,L,L,N
30,True,True,False,False,False,False,True,True,True,True,True,-,-,-,-,A,L,T,A,C
31,True,True,False,False,False,False,True,True,True,True,True,-,-,-,-,Q,L,P,P,L
32,True,True,False,False,True,False,True,True,True,True,True,-,-,W,-,E,Y,M,M,A
33,True,True,False,False,True,True,True,True,True,True,True,-,-,Y,L,H,C,I,I,P
34,True,True,False,False,True,True,True,True,True,True,True,-,-,L,P,L,K,T,T,M
35,True,True,True,False,True,True,True,True,True,True,True,W,-,L,H,E,R,L,L,I
36,True,True,True,False,True,True,True,True,True,True,False,Y,-,Y,S,R,G,E,E,-
37,True,True,True,False,True,True,True,True,True,True,False,L,-,C,G,Q,Q,K,K,-
38,True,True,True,False,True,True,False,True,False,True,True,L,-,K,H,-,L,-,I,M
40,True,True,True,False,True,True,True,True,True,True,True,C,-,G,T,N,R,R,R,L
41,True,True,True,False,True,True,True,True,True,True,True,K,-,Q,L,C,A,G,G,E
42,True,True,True,False,True,True,True,True,True,True,True,R,-,L,S,L,Q,K,K,K
43,True,True,True,False,False,False,False,True,True,True,True,G,-,-,-,-,E,R,R,I
44,True,True,True,False,True,False,True,True,True,True,True,Q,-,R,-,P,H,T,T,I
45,True,True,False,True,True,False,False,True,False,True,True,-,S,A,-,-,L,-,A,V
46,True,True,False,False,False,False,True,True,True,True,True,-,-,-,-,I,E,V,V,R
47,True,True,True,False,True,False,False,True,True,True,True,R,-,E,-,-,R,S,S,G
48,True,True,True,False,True,False,True,True,True,True,True,A,-,H,-,L,Q,E,E,K
49,True,True,False,True,True,False,True,False,True,True,True,-,I,L,-,E,-,P,P,R
50,True,True,False,False,True,False,True,False,True,True,True,-,-,E,-,K,-,L,L,T
51,True,True,False,False,True,False,False,False,True,True,True,-,-,R,-,-,-,F,F,A
52,True,True,True,False,True,False,False,False,True,True,True,L,-,Q,-,-,-,P,P,V
53,True,True,True,False,False,False,True,False,True,True,True,C,-,-,-,R,-,N,N,S
54,True,True,False,False,True,False,True,True,True,True,True,-,-,V,-,G,R,Y,Y,E
55,True,True,True,False,False,False,True,True,False,True,True,R,-,-,-,K,Q,-,L,P
56,True,True,True,False,True,False,True,False,True,True,True,Q,-,C,-,R,-,F,F,L
57,True,True,False,False,False,True,True,True,True,True,True,-,-,-,H,T,V,V,V,F
58,True,True,True,False,False,False,False,False,True,True,True,V,-,-,-,-,-,E,E,P
59,True,True,False,False,True,False,True,True,True,True,True,-,-,P,-,V,C,F,F,N
60,True,True,True,False,False,False,True,True,True,True,True,C,-,-,-,S,L,D,D,Y
61,True,True,False,False,False,False,True,True,True,True,True,-,-,-,-,E,T,P,P,L
62,True,True,False,False,False,False,True,True,True,True,True,-,-,-,-,P,P,E,E,F
63,True,True,True,False,False,True,True,False,True,True,True,P,-,-,M,L,-,V,V,V
64,True,True,False,False,True,False,True,True,True,True,True,-,-,E,-,F,I,I,I,E
65,True,True,False,False,True,False,True,True,True,True,True,-,-,K,-,P,T,H,H,F
66,True,True,False,False,False,True,True,True,True,True,True,-,-,-,W,N,L,T,T,D
67,True,True,False,True,False,True,True,True,True,True,True,-,M,-,Y,Y,E,T,T,P
68,True,True,True,False,True,True,True,True,True,True,True,E,-,R,L,L,K,T,T,E
69,True,True,True,False,True,True,True,True,True,True,True,K,-,G,L,F,M,I,I,V
70,True,True,False,True,True,True,False,False,True,False,True,-,W,K,Y,-,-,N,-,I
71,True,True,False,False,True,True,True,True,True,True,True,-,-,R,C,E,R,A,A,H
72,True,True,True,True,False,True,True,True,True,True,True,R,L,-,K,F,G,T,T,T
73,True,True,True,True,False,True,True,True,True,True,True,G,L,-,R,D,K,R,R,T
74,True,True,True,True,False,True,True,True,True,True,True,K,Y,-,G,P,R,G,G,T
75,True,True,True,True,False,True,True,True,True,True,True,R,C,-,Q,E,T,V,V,I
76,True,True,False,True,True,True,False,False,True,True,True,-,K,E,L,-,-,S,S,N
77,True,True,False,True,True,False,True,True,True,True,True,-,R,P,-,I,V,H,H,A
78,True,True,False,True,True,True,True,True,True,True,True,-,G,L,R,H,S,F,F,T
79,True,True,False,True,True,True,True,True,True,True,True,-,Q,F,A,T,E,V,V,R
80,True,True,True,False,True,False,True,True,True,True,True,E,-,P,-,T,P,R,R,G
81,True,True,False,False,True,True,True,True,True,True,True,-,-,N,E,T,L,F,F,V
83,True,True,True,True,True,True,False,True,True,True,True,F,A,L,L,-,P,A,A,H
84,True,True,True,False,True,True,True,True,False,True,True,P,-,F,E,A,N,-,S,F
85,True,True,True,True,False,True,True,True,True,True,True,N,E,-,R,T,Y,P,P,V
87,True,True,True,True,True,True,True,True,False,True,True,L,L,F,E,G,F,-,I,F
89,True,True,False,True,True,True,False,True,True,True,True,-,R,P,Q,-,E,P,P,A
90,True,True,False,True,True,False,False,True,True,True,True,-,Q,E,-,-,F,S,S,S
91,True,True,True,False,False,True,True,True,False,True,True,F,-,-,V,F,D,-,A,P
92,True,True,True,True,True,False,True,True,True,True,True,D,V,I,-,V,P,V,V,A
93,True,True,False,False,True,True,True,True,True,True,True,-,-,H,C,R,E,I,I,I
94,True,True,False,True,True,True,True,True,True,True,True,-,C,T,L,F,V,H,H,V
95,True,True,False,False,True,False,True,True,True,True,True,-,-,T,-,G,I,Q,Q,P
96,True,True,False,False,True,True,False,True,True,True,True,-,-,T,P,-,H,L,L,S
97,True,True,True,True,True,False,False,True,True,True,True,I,P,I,-,-,T,S,S,A
98,True,True,True,False,True,True,True,True,False,False,True,H,-,S,I,P,T,-,-,V
99,True,True,True,False,True,False,True,True,True,True,True,T,-,A,-,A,T,Y,Y,I
100,True,True,True,False,True,True,False,True,True,True,True,T,-,T,L,-,I,Q,K,H
101,True,True,True,False,True,True,True,False,True,True,True,T,-,R,E,V,-,K,P,Q
102,True,True,False,True,True,True,True,True,True,False,True,-,E,G,K,P,A,P,-,L
103,True,True,False,True,True,True,False,True,True,False,True,-,K,V,I,-,T,E,-,S
104,True,True,True,False,True,False,False,True,True,True,True,S,-,S,-,-,R,G,I,V
105,True,True,True,False,False,True,True,True,True,True,False,T,-,-,R,V,G,I,V,-
106,True,True,True,True,True,True,True,True,True,True,False,R,R,F,G,I,V,V,D,-
107,True,True,True,False,True,True,False,True,True,True,False,G,-,V,K,-,S,D,P,-
108,True,True,True,True,True,True,True,True,True,False,True,V,K,R,R,Q,H,P,-,A
109,True,True,False,True,True,True,True,True,False,True,True,-,R,F,T,L,F,-,T,T
110,True,True,False,False,True,False,False,True,True,True,True,-,-,G,-,-,V,T,P,R
111,True,True,True,False,False,True,False,True,True,True,True,F,-,-,V,-,R,P,Y,G
112,True,True,False,False,False,False,True,True,False,True,True,-,-,-,-,Y,F,-,P,V
113,True,True,True,False,True,True,True,True,True,True,True,R,-,P,E,Q,G,P,G,S
114,True,True,True,True,False,True,False,False,True,True,True,F,E,-,P,-,-,G,D,H
115,True,True,True,True,False,True,True,False,True,False,True,G,P,-,L,P,-,D,-,F
116,True,True,False,True,False,True,True,True,False,True,True,-,L,-,F,E,P,-,V,V
117,True,True,True,True,True,True,False,True,True,True,True,R,F,P,P,-,A,V,I,R
118,True,True,False,True,False,True,False,False,False,True,True,-,P,-,N,-,-,-,I,F
119,True,True,True,True,False,True,True,True,True,True,True,P,N,-,Y,T,V,I,T,G
120,True,True,False,True,True,True,True,True,True,True,True,-,Y,V,L,D,P,T,E,A
121,True,True,False,True,True,True,True,True,True,True,True,-,L,I,F,P,S,E,G,S
122,True,True,True,True,False,True,False,False,True,True,True,V,F,-,I,-,-,G,A,P
123,True,True,True,False,False,True,True,True,True,True,True,P,-,-,E,T,V,A,F,A
124,True,True,False,False,True,True,True,True,True,True,True,-,-,L,F,P,I,F,E,I
125,True,True,False,True,False,True,False,True,True,True,True,-,F,-,D,-,H,E,G,V
126,True,True,False,True,True,True,False,True,True,True,True,-,D,A,P,-,Q,G,F,P
127,True,True,True,True,False,True,True,True,True,True,True,I,P,-,E,G,L,L,Q,S
128,True,True,False,True,False,False,True,True,False,True,True,-,E,-,-,D,S,-,A,A
129,True,True,False,False,False,True,False,False,True,True,True,-,-,-,I,-,-,A,I,V
130,True,True,True,True,False,True,True,True,True,True,True,L,I,-,H,V,Y,I,F,I
131,True,True,False,True,True,True,False,True,True,False,True,-,H,H,T,-,Q,F,-,H
132,True,True,False,True,False,True,True,False,True,True,True,-,T,-,T,I,-,T,E,Q
133,True,True,False,True,False,True,True,True,True,True,True,-,T,-,T,T,P,E,P,L
134,True,True,False,True,False,True,False,True,True,True,True,-,T,-,I,-,E,P,D,S
135,True,True,False,True,False,True,True,False,True,True,True,-,I,-,S,G,-,D,G,V
136,True,True,False,False,True,True,True,False,True,True,True,-,-,Y,A,A,-,G,E,Y
137,True,True,False,False,True,True,True,False,True,True,True,-,-,S,T,F,-,E,A,K
138,True,True,False,True,False,True,True,True,True,True,True,-,T,-,R,E,D,A,R,P
139,True,True,False,True,True,True,True,True,True,True,True,-,R,P,G,G,P,R,S,K
140,True,True,False,True,False,True,True,False,True,True,True,-,G,-,V,L,-,S,M,D
141,True,True,False,True,False,False,False,True,True,True,True,-,V,-,-,-,T,M,L,I
142,True,True,False,True,True,False,True,True,True,True,True,-,S,P,-,A,P,L,L,V
143,True,True,False,False,False,True,True,True,True,True,True,-,-,-,F,I,Y,L,L,D
144,True,True,False,True,False,True,True,False,True,True,True,-,F,-,V,F,-,L,N,P
145,True,True,False,True,True,True,False,False,True,True,False,-,V,G,R,-,-,N,L,-
146,True,True,False,True,True,True,True,True,True,True,True,-,R,D,X,E,G,L,I,T
147,True,True,False,True,False,True,True,True,True,True,True,-,F,-,W,P,D,L,N,P
148,True,True,True,True,True,True,True,False,True,True,True,P,G,V,R,D,-,N,K,Y
149,True,True,False,False,False,True,True,True,True,False,True,-,-,-,P,G,V,K,-,P
150,True,True,False,False,True,True,True,False,True,False,True,-,-,I,T,E,-,E,-,G
151,True,True,False,True,False,True,True,True,False,True,True,-,P,-,R,A,I,-,K,D
152,True,True,False,False,True,True,True,True,True,True,True,-,-,D,Y,R,T,K,H,K
153,True,True,True,False,True,True,True,True,True,True,True,G,-,G,R,S,E,Q,S,V
154,True,True,True,False,True,True,True,True,True,True,True,D,-,A,P,M,G,S,V,I
155,True,True,False,False,False,True,True,True,True,True,True,-,-,-,F,L,A,V,K,I
156,True,True,True,False,True,True,True,True,True,True,True,V,-,G,G,L,F,K,N,T
157,True,True,False,False,False,False,True,True,True,True,True,-,-,-,-,L,E,N,T,E
158,True,True,True,True,True,False,True,True,True,True,True,I,V,F,-,N,G,T,P,G
159,True,True,True,True,False,True,True,True,False,True,True,T,I,-,P,L,L,-,N,A
160,True,True,False,False,True,True,True,False,True,True,True,-,-,G,A,L,-,F,E,F
161,True,True,True,False,True,False,True,True,True,True,True,G,-,L,-,N,A,R,F,E
162,True,True,False,True,False,True,True,True,True,True,True,-,L,-,S,K,I,K,R,G
163,True,True,True,False,True,True,True,True,False,True,True,F,-,A,A,Q,F,-,K,F
164,True,True,False,False,True,True,True,False,False,True,True,-,-,I,T,V,-,-,N,Q
165,True,True,True,False,True,True,False,True,False,False,True,G,-,Y,R,-,E,-,-,A
166,True,True,False,False,False,True,True,True,False,False,True,-,-,-,G,Q,P,-,-,I
167,True,True,False,False,True,True,True,True,False,False,True,-,-,E,V,S,D,-,-,F
168,True,True,True,False,True,True,True,True,False,False,True,A,-,P,N,V,G,-,-,T
169,True,True,True,False,True,True,True,True,False,False,True,I,-,D,N,K,E,-,-,E
170,True,True,False,False,True,True,True,True,False,False,True,-,-,G,F,N,N,-,-,P
171,True,True,False,False,True,True,True,True,False,False,True,-,-,E,V,T,S,-,-,D
172,True,True,True,True,False,True,False,True,False,False,True,E,Y,-,R,-,L,-,-,G
173,True,True,True,True,True,True,True,True,False,False,True,P,S,R,F,F,Y,-,-,E
174,True,True,False,False,True,True,False,True,False,False,True,-,-,S,G,-,A,-,-,A
175,True,True,True,False,False,True,True,True,False,False,True,G,-,-,A,C,A,-,-,R
176,True,True,True,False,True,True,True,False,False,False,False,E,-,L,L,C,-,-,-,-
177,True,True,False,False,True,True,True,True,False,False,True,-,-,L,P,K,R,-,-,S
178,True,True,True,True,True,True,False,True,False,False,True,R,P,L,A,-,S,-,-,M
179,True,True,True,False,True,True,False,True,False,False,True,S,-,N,I,-,M,-,-,L
180,True,True,False,False,False,True,False,True,False,False,True,-,-,-,V,-,L,-,-,L
181,True,True,True,True,False,True,False,True,False,False,True,L,G,-,P,-,L,-,-,L
182,True,True,True,True,True,False,False,True,False,False,True,L,D,N,-,-,L,-,-,N
183,True,True,True,False,False,False,False,True,False,False,True,L,-,-,-,-,N,-,-,L
184,True,True,True,True,False,True,False,True,False,False,True,N,V,-,V,-,L,-,-,I
185,True,True,True,False,True,True,False,True,False,False,True,C,-,V,I,-,L,-,-,N
186,True,True,True,True,False,False,False,True,False,False,True,Y,I,-,-,-,N,-,-,K
187,True,True,True,True,False,False,False,True,False,False,True,C,T,-,-,-,A,-,-,E
188,True,True,True,False,True,True,False,True,False,False,True,L,-,I,F,-,K,-,-,I
189,True,True,False,True,True,True,False,False,False,False,True,-,G,S,L,-,-,-,-,K
190,True,True,True,False,False,False,False,True,False,False,True,L,-,-,-,-,V,-,-,H
191,True,True,True,True,False,False,False,False,False,False,True,N,F,-,-,-,-,-,-,S
192,True,True,False,False,True,False,False,True,False,False,True,-,-,N,-,-,Q,-,-,V
193,True,True,False,True,False,True,False,True,False,False,True,-,G,-,K,-,S,-,-,K
194,True,True,False,False,False,False,False,True,False,False,True,-,-,-,-,-,V,-,-,N
195,True,True,False,False,True,False,False,True,False,False,True,-,-,F,-,-,K,-,-,T
196,True,True,False,True,False,False,False,True,False,False,True,-,A,-,-,-,N,-,-,E
197,True,True,False,True,True,True,False,True,False,False,True,-,I,K,X,-,T,-,-,F
198,True,True,False,True,False,True,False,False,False,False,True,-,Y,-,L,-,-,-,-,R
199,True,True,False,False,False,True,False,True,False,False,True,-,-,-,S,-,F,-,-,K
200,True,True,True,True,False,True,False,False,False,False,True,N,E,-,T,-,-,-,-,L
201,True,False,False,True,False,False,False,False,False,False,False,-,P,-,-,-,-,-,-,-
202,True,False,False,True,False,False,False,False,False,False,False,-,D,-,-,-,-,-,-,-
203,True,True,True,True,False,False,False,True,False,False,True,F,G,-,-,-,L,-,-,R
204,True,True,False,True,False,False,False,True,False,False,True,-,E,-,-,-,A,-,-,N
205,True,True,True,False,False,True,False,True,False,False,True,K,-,-,I,-,I,-,-,P
206,True,True,False,True,False,False,False,True,False,False,True,-,R,-,-,-,V,-,-,K
207,True,True,False,True,False,False,False,True,False,False,True,-,S,-,-,-,Q,-,-,Q
208,True,True,False,False,False,True,False,True,False,False,True,-,-,-,D,-,N,-,-,C
209,True,True,False,True,False,True,False,True,False,False,True,-,L,-,P,-,T,-,-,F
210,True,True,False,True,False,False,False,True,False,False,True,-,L,-,-,-,T,-,-,D
211,True,True,False,True,False,True,False,True,False,False,True,-,L,-,T,-,S,-,-,I
212,True,True,False,True,False,True,False,True,False,False,True,-,N,-,P,-,R,-,-,G
213,True,True,False,False,False,False,False,True,False,False,True,-,-,-,-,-,K,-,-,I
214,True,True,False,True,False,False,False,False,False,False,True,-,L,-,-,-,-,-,-,R
215,True,True,False,True,False,True,False,False,False,False,True,-,N,-,G,-,-,-,-,G
216,True,True,False,False,False,True,False,False,False,False,True,-,-,-,D,-,-,-,-,G
217,True,False,False,False,False,False,False,False,False,False,True,-,-,-,-,-,-,-,-,S
218,True,True,False,True,False,True,False,False,False,False,True,-,V,-,V,-,-,-,-,Q
219,True,False,False,False,False,False,False,False,False,False,True,-,-,-,-,-,-,-,-,P
220,True,True,False,False,False,True,False,False,False,False,True,-,-,-,I,-,-,-,-,C
221,True,True,False,True,False,True,False,False,False,False,True,-,S,-,T,-,-,-,-,G
222,True,False,False,False,False,False,False,False,False,False,True,-,-,-,-,-,-,-,-,I
223,True,True,False,False,False,True,False,False,False,False,True,-,-,-,G,-,-,-,-,F
224,True,True,False,True,False,True,False,False,False,False,True,-,N,-,A,-,-,-,-,S
225,True,True,True,False,False,True,False,False,False,False,True,L,-,-,F,-,-,-,-,T
226,True,True,False,False,False,True,False,False,False,False,True,-,-,-,E,-,-,-,-,P
227,True,True,False,True,False,True,False,False,False,False,True,-,F,-,G,-,-,-,-,V
228,True,True,False,False,False,True,False,False,False,False,True,-,-,-,L,-,-,-,-,R
229,True,True,True,True,False,False,False,False,False,False,True,L,K,-,-,-,-,-,-,N
230,True,True,False,False,False,True,False,False,False,False,True,-,-,-,A,-,-,-,-,T
231,True,True,False,False,False,True,False,False,False,False,True,-,-,-,I,-,-,-,-,L
232,True,True,False,False,False,True,False,True,False,False,True,-,-,-,F,-,S,-,-,Q
233,True,True,False,False,False,True,False,True,False,False,True,-,-,-,T,-,P,-,-,N
234,True,True,False,False,False,True,False,False,False,False,True,-,-,-,E,-,-,-,-,M
235,True,True,False,False,False,True,False,False,False,False,True,-,-,-,P,-,-,-,-,G
236,True,True,False,False,False,True,False,False,False,False,True,-,-,-,D,-,-,-,-,Q
237,True,False,False,False,False,True,False,False,False,False,False,-,-,-,G,-,-,-,-,-
238,True,False,False,False,False,True,False,False,False,False,False,-,-,-,E,-,-,-,-,-
239,True,False,False,False,False,True,False,False,False,False,False,-,-,-,A,-,-,-,-,-
240,True,True,False,True,False,True,False,False,False,False,False,-,K,-,R,-,-,-,-,-
241,True,True,False,True,False,True,False,False,False,False,False,-,M,-,S,-,-,-,-,-
242,True,True,False,True,False,True,False,False,False,False,True,-,R,-,M,-,-,-,-,A
243,True,True,False,False,False,True,False,False,False,False,True,-,-,-,L,-,-,-,-,P
244,True,True,False,False,False,True,False,False,False,False,True,-,-,-,L,-,-,-,-,G
245,True,True,False,False,False,True,False,True,False,False,False,-,-,-,L,-,C,-,-,-
246,True,False,False,False,False,True,False,False,False,False,False,-,-,-,N,-,-,-,-,-
247,True,False,False,False,False,True,False,False,False,False,False,-,-,-,L,-,-,-,-,-
248,True,False,False,False,False,True,False,False,False,False,False,-,-,-,L,-,-,-,-,-
249,True,False,False,False,False,True,False,False,False,False,False,-,-,-,N,-,-,-,-,-
250,True,True,False,False,False,True,False,True,False,False,False,-,-,-,K,-,R,-,-,-
251,True,False,False,False,False,True,False,False,False,False,False,-,-,-,Q,-,-,-,-,-
252,True,False,False,False,False,True,False,False,False,False,False,-,-,-,V,-,-,-,-,-
254,True,False,False,False,False,True,False,False,False,False,False,-,-,-,Q,-,-,-,-,-
255,True,False,False,False,False,True,False,False,False,False,False,-,-,-,S,-,-,-,-,-
256,True,False,False,False,False,True,False,False,False,False,False,-,-,-,V,-,-,-,-,-
258,True,False,False,False,False,True,False,False,False,False,False,-,-,-,N,-,-,-,-,-
261,True,False,False,False,False,True,False,False,False,False,False,-,-,-,F,-,-,-,-,-
263,True,False,False,False,False,True,False,False,False,False,False,-,-,-,K,-,-,-,-,-
264,True,False,False,False,False,True,False,False,False,False,False,-,-,-,L,-,-,-,-,-
265,True,False,False,False,False,True,False,False,False,False,False,-,-,-,S,-,-,-,-,-
267,True,False,False,False,False,True,False,False,False,False,False,-,-,-,R,-,-,-,-,-
268,True,False,False,False,False,True,False,False,False,False,False,-,-,-,S,-,-,-,-,-
269,True,False,False,False,False,True,False,False,False,False,False,-,-,-,E,-,-,-,-,-
274,True,False,False,False,False,True,False,False,False,False,False,-,-,-,K,-,-,-,-,-
275,True,False,False,False,False,True,False,False,False,False,False,-,-,-,P,-,-,-,-,-
